riderID,riderName,riderEmail,contactNum,isOccupied,isFullTime,baseSalary
1,Claudine,ccarrigan0@guardian.co.uk,12345678,TRUE,FALSE,500
2,Corenda,cvorley1@skyrock.com,12345679,TRUE,FALSE,500
3,Cassandre,cmylechreest2@devhub.com,12345680,FALSE,FALSE,500
4,Lexine,lhyams3@cnn.com,12345681,TRUE,FALSE,500
5,Celestine,ckenson4@nydailynews.com,12345682,TRUE,FALSE,500
6,Hestia,hfitkin5@tinypic.com,12345683,FALSE,FALSE,500
7,Jaime,jchilders6@army.mil,12345684,TRUE,FALSE,500
8,Janeen,jfelder7@paypal.com,12345685,FALSE,FALSE,500
9,Orelee,ojurek8@cbsnews.com,12345686,FALSE,FALSE,500
10,Arni,apottery9@ebay.com,12345687,TRUE,FALSE,500
11,Nevile,nhanhama@w3.org,12345688,TRUE,FALSE,500
12,Dunc,dmorradb@wsj.com,12345689,TRUE,FALSE,500
13,Jacki,jdallimorec@huffingtonpost.com,12345690,FALSE,FALSE,500
14,Kellen,kcaend@cnn.com,12345691,TRUE,FALSE,500
15,Vernen,vtwelvee@unblog.fr,12345692,TRUE,FALSE,500
16,Horatio,horgenf@springer.com,12345693,TRUE,FALSE,500
17,Lani,lthoulessg@zdnet.com,12345694,TRUE,FALSE,500
18,Glen,glovingh@boston.com,12345695,TRUE,FALSE,500
19,Briana,bmollini@marketwatch.com,12345696,TRUE,FALSE,500
20,Fair,fdarej@360.cn,12345697,TRUE,FALSE,500
21,Alvis,astigellk@wired.com,12345698,FALSE,FALSE,500
22,Paige,pfitzroyl@bing.com,12345699,FALSE,FALSE,500
23,Mei,mfeehanm@soundcloud.com,12345700,TRUE,FALSE,500
24,Claudius,csinisburyn@spiegel.de,12345701,FALSE,FALSE,500
25,Laurel,ltipladyo@mayoclinic.com,12345702,TRUE,FALSE,500
26,Morry,mwakelinp@simplemachines.org,12345703,TRUE,FALSE,500
27,Anastassia,amatthessenq@oakley.com,12345704,TRUE,FALSE,500
28,Violet,vshuttr@latimes.com,12345705,TRUE,FALSE,500
29,Cordy,cdomencs@amazon.co.jp,12345706,FALSE,FALSE,500
30,Owen,ogwinnellt@un.org,12345707,TRUE,FALSE,500
31,Truda,tcumpstyu@hugedomains.com,12345708,TRUE,FALSE,500
32,Fabe,freignouldv@cloudflare.com,12345709,FALSE,FALSE,500
33,Tracie,tpatientw@webs.com,12345710,TRUE,FALSE,500
34,Fredek,frenackownax@wunderground.com,12345711,FALSE,FALSE,500
35,Joelly,jferencey@lycos.com,12345712,TRUE,FALSE,500
36,Lonni,lzambonz@unesco.org,12345713,FALSE,FALSE,500
37,Bobbe,bselborne10@e-recht24.de,12345714,TRUE,FALSE,500
38,Durand,dhaycroft11@craigslist.org,12345715,FALSE,FALSE,500
39,Gayleen,gplewman12@sciencedirect.com,12345716,TRUE,FALSE,500
40,Maddie,mkrimmer13@deviantart.com,12345717,TRUE,FALSE,500
41,Demetra,dcoe14@taobao.com,12345718,FALSE,FALSE,500
42,Kellen,kilbert15@wufoo.com,12345719,FALSE,FALSE,500
43,Burnard,baronoff16@sciencedirect.com,12345720,TRUE,FALSE,500
44,Oliver,ovann17@bing.com,12345721,TRUE,FALSE,500
45,Alfie,astelli18@discovery.com,12345722,TRUE,FALSE,500
46,Gustavus,gslimme19@accuweather.com,12345723,TRUE,FALSE,500
47,Fanchette,fstobo1a@meetup.com,12345724,FALSE,FALSE,500
48,Carlita,cstraun1b@mail.ru,12345725,FALSE,FALSE,500
49,Masha,msizeland1c@yahoo.com,12345726,FALSE,FALSE,500
50,Sindee,savarne1d@un.org,12345727,TRUE,FALSE,500
51,Ronald,rdouche1e@google.co.uk,12345728,TRUE,TRUE,2000
52,Catherin,calmon1f@dyndns.org,12345729,TRUE,TRUE,2000
53,Jessee,jcomazzo1g@vimeo.com,12345730,TRUE,TRUE,2000
54,Davy,dgreatbatch1h@printfriendly.com,12345731,TRUE,TRUE,2000
55,Sullivan,showman1i@flavors.me,12345732,FALSE,TRUE,2000
56,Ginny,gglanville1j@foxnews.com,12345733,FALSE,TRUE,2000
57,Dalston,dsammut1k@cloudflare.com,12345734,FALSE,TRUE,2000
58,Babbie,bbownde1l@sun.com,12345735,FALSE,TRUE,2000
59,Penelopa,pwoolstenholmes1m@naver.com,12345736,TRUE,TRUE,2000
60,Brynn,bdreschler1n@huffingtonpost.com,12345737,TRUE,TRUE,2000
61,Lanni,lmatches1o@skype.com,12345738,TRUE,TRUE,2000
62,Delcine,dmccutcheon1p@youku.com,12345739,FALSE,TRUE,2000
63,Quentin,qmcgrowther1q@friendfeed.com,12345740,TRUE,TRUE,2000
64,Elston,escroyton1r@dyndns.org,12345741,TRUE,TRUE,2000
65,Engracia,ebillingham1s@123-reg.co.uk,12345742,FALSE,TRUE,2000
66,Emlyn,ecato1t@nymag.com,12345743,TRUE,TRUE,2000
67,Arvy,apeplay1u@samsung.com,12345744,TRUE,TRUE,2000
68,Clayborn,cjahnel1v@addthis.com,12345745,FALSE,TRUE,2000
69,Carlye,cvanderson1w@biglobe.ne.jp,12345746,TRUE,TRUE,2000
70,Wittie,whuntall1x@webs.com,12345747,FALSE,TRUE,2000
71,Garry,gkares1y@rambler.ru,12345748,FALSE,TRUE,2000
72,Ximenez,xslyne1z@whitehouse.gov,12345749,TRUE,TRUE,2000
73,Lennard,latcherley20@google.fr,12345750,TRUE,TRUE,2000
74,Cyrus,ccoda21@goo.ne.jp,12345751,TRUE,TRUE,2000
75,Orin,ocargo22@house.gov,12345752,TRUE,TRUE,2000
76,Cynthia,cnewborn23@msu.edu,12345753,FALSE,TRUE,2000
77,Nessy,nfurmagier24@taobao.com,12345754,TRUE,TRUE,2000
78,Pablo,pgrewcock25@home.pl,12345755,TRUE,TRUE,2000
79,Henderson,hheintz26@nps.gov,12345756,FALSE,TRUE,2000
80,Hillyer,hfittall27@ustream.tv,12345757,TRUE,TRUE,2000
81,Wynny,wdriver28@myspace.com,12345758,TRUE,TRUE,2000
82,Mateo,mbrokenshaw29@ovh.net,12345759,TRUE,TRUE,2000
83,Moe,mfitchen2a@noaa.gov,12345760,FALSE,TRUE,2000
84,Phaedra,pyewman2b@apple.com,12345761,TRUE,TRUE,2000
85,Maybelle,mplaister2c@amazon.de,12345762,FALSE,TRUE,2000
86,Wadsworth,wmarrion2d@apache.org,12345763,TRUE,TRUE,2000
87,Veronike,vhayden2e@wunderground.com,12345764,FALSE,TRUE,2000
88,Sky,stoulson2f@usda.gov,12345765,TRUE,TRUE,2000
89,Lester,ljoskowicz2g@spotify.com,12345766,TRUE,TRUE,2000
90,Rozanna,rpresman2h@ebay.com,12345767,FALSE,TRUE,2000
91,Shellie,sszymanzyk2i@spiegel.de,12345768,FALSE,TRUE,2000
92,Bart,bloyd2j@rambler.ru,12345769,FALSE,TRUE,2000
93,Marco,mmahedy2k@facebook.com,12345770,FALSE,TRUE,2000
94,Sherie,sdubique2l@miibeian.gov.cn,12345771,FALSE,TRUE,2000
95,Caitlin,cshore2m@senate.gov,12345772,TRUE,TRUE,2000
96,Karl,kdohr2n@toplist.cz,12345773,TRUE,TRUE,2000
97,Chad,cpointing2o@bloomberg.com,12345774,FALSE,TRUE,2000
98,Garth,gmeasham2p@sohu.com,12345775,FALSE,TRUE,2000
99,Gareth,gtrowbridge2q@over-blog.com,12345776,TRUE,TRUE,2000
100,Margareta,mbonn2r@amazon.de,12345777,TRUE,TRUE,2000
